Number of Colors,Delta E,Colors
0,0,
1,100.016291555,#ffffff,#000000
2,68.8011122804,#ffffff,#036700,#6c02fd
3,65.6028138429,#ffffff,#e3000a,#017401,#0207fe
4,61.1476339343,#ffffff,#018600,#ff1c0b,#055efd,#1a0000
5,52.4276724491,#ffffff,#0682c2,#03b200,#fd02fe,#914300,#00001f
6,50.0005545265,#ffffff,#01c401,#0789c7,#c16400,#f808fe,#003b00,#440157
